<?xml version="1.0" encoding="utf-8" standalone="yes"?>
<rss version="2.0" xmlns:atom="http://www.w3.org/2005/Atom">
  <channel>
    <title>3 Coin Volcanoes Demo | Try the Hottest Aussie Pokies Free on 3 Coin Volcanoe</title>
    <link>https://3coinvolcanoes.org/demo/</link>
    <description>Recent content in 3 Coin Volcanoes Demo | Try the Hottest Aussie Pokies Free on 3 Coin Volcanoe</description>
    <generator>Hugo</generator>
    <language>en</language>
    <lastBuildDate></lastBuildDate>
    <atom:link href="https://3coinvolcanoes.org/demo/index.xml" rel="self" type="application/rss+xml" />
  </channel>
</rss>
